{
  "user_id": 16,
  "email": "imapplepie001@gmail.com",
  "track_count": 197,
  "trainable_tracks": 0,
  "feature_stats": {
    "predicted_danceability": {
      "mean": 0.5990187980553913,
      "std": 1.1130516229028403e-16,
      "median": 0.5990187980553912,
      "q25": 0.5990187980553912,
      "q75": 0.5990187980553912
    },
    "predicted_energy": {
      "mean": 0.6456865596791098,
      "std": 1.1130516229028403e-16,
      "median": 0.6456865596791099,
      "q25": 0.6456865596791099,
      "q75": 0.6456865596791099
    },
    "predicted_valence": {
      "mean": 0.5209646119910998,
      "std": 0.0,
      "median": 0.5209646119910998,
      "q25": 0.5209646119910998,
      "q75": 0.5209646119910998
    },
    "predicted_acousticness": {
      "mean": 0.326018336726543,
      "std": 0.0,
      "median": 0.326018336726543,
      "q25": 0.326018336726543,
      "q75": 0.326018336726543
    },
    "predicted_instrumentalness": {
      "mean": 0.13805778299476934,
      "std": 2.7826290572571007e-17,
      "median": 0.13805778299476937,
      "q25": 0.13805778299476937,
      "q75": 0.13805778299476937
    },
    "predicted_speechiness": {
      "mean": 0.09402290511326952,
      "std": 2.7826290572571007e-17,
      "median": 0.0940229051132695,
      "q25": 0.0940229051132695,
      "q75": 0.0940229051132695
    },
    "predicted_liveness": {
      "mean": 0.19584220947219427,
      "std": 5.565258114514201e-17,
      "median": 0.19584220947219433,
      "q25": 0.19584220947219433,
      "q75": 0.19584220947219433
    },
    "predicted_tempo": {
      "mean": 122.2716895918777,
      "std": 4.274118231946906e-14,
      "median": 122.27168959187766,
      "q25": 122.27168959187766,
      "q75": 122.27168959187766
    },
    "predicted_loudness": {
      "mean": -8.058146230402729,
      "std": 0.0,
      "median": -8.058146230402729,
      "q25": -8.058146230402729,
      "q75": -8.058146230402729
    }
  },
  "genre_distribution": {
    "unknown": 1.0
  },
  "trained_at": "2026-02-11T10:50:16.687313"
}