{
  "user_id": 5,
  "email": "imapplepie305@gmail.com",
  "track_count": 198,
  "trainable_tracks": 0,
  "feature_stats": {
    "predicted_danceability": {
      "mean": 0.5990187980553913,
      "std": 1.113037282688031e-16,
      "median": 0.5990187980553912,
      "q25": 0.5990187980553912,
      "q75": 0.5990187980553912
    },
    "predicted_energy": {
      "mean": 0.6456865596791097,
      "std": 2.226074565376062e-16,
      "median": 0.6456865596791099,
      "q25": 0.6456865596791099,
      "q75": 0.6456865596791099
    },
    "predicted_valence": {
      "mean": 0.5209646119910997,
      "std": 1.113037282688031e-16,
      "median": 0.5209646119910998,
      "q25": 0.5209646119910998,
      "q75": 0.5209646119910998
    },
    "predicted_acousticness": {
      "mean": 0.32601833672654296,
      "std": 5.565186413440155e-17,
      "median": 0.326018336726543,
      "q25": 0.326018336726543,
      "q75": 0.326018336726543
    },
    "predicted_instrumentalness": {
      "mean": 0.13805778299476937,
      "std": 2.7966113972370716e-18,
      "median": 0.13805778299476937,
      "q25": 0.13805778299476937,
      "q75": 0.13805778299476937
    },
    "predicted_speechiness": {
      "mean": 0.09402290511326952,
      "std": 2.7825932067200776e-17,
      "median": 0.0940229051132695,
      "q25": 0.0940229051132695,
      "q75": 0.0940229051132695
    },
    "predicted_liveness": {
      "mean": 0.1958422094721943,
      "std": 2.7825932067200776e-17,
      "median": 0.19584220947219433,
      "q25": 0.19584220947219433,
      "q75": 0.19584220947219433
    },
    "predicted_tempo": {
      "mean": 122.2716895918777,
      "std": 4.274063165522039e-14,
      "median": 122.27168959187766,
      "q25": 122.27168959187766,
      "q75": 122.27168959187766
    },
    "predicted_loudness": {
      "mean": -8.058146230402727,
      "std": 1.7808596523008497e-15,
      "median": -8.058146230402729,
      "q25": -8.058146230402729,
      "q75": -8.058146230402729
    }
  },
  "genre_distribution": {
    "unknown": 1.0
  },
  "trained_at": "2026-02-08T17:05:12.693030"
}